품목명,품목일련번호,gt_color_kor,gt_color_en,gt_shape_kor,gt_shape_en,gt_print_front,pred_color,pred_shape,pred_print_front,correct_color,correct_shape,correct_print_front,all_correct,correct_color_relaxed,correct_shape_relaxed,all_correct_relaxed,parse_error,image_url
크로바틴정20mg(로수바스타틴칼슘),201506639,분홍,pink,원형,round,BP,orange,round,BP,False,True,True,False,False,True,False,False,https://nedrug.mfds.go.kr/pbp/cmn/itemImageDownload/147427122590700065
이센트레스에이치디정(랄테그라비르칼륨(미분화)),201802756,노랑,yellow,타원형,oval,마크242,yellow,oval,242,True,True,False,False,True,True,False,False,https://nedrug.mfds.go.kr/pbp/cmn/itemImageDownload/1NVzhGcz6Vm
제큐스연질캡슐(수출명:Bee-marinsoftcapsule|Beemari-Bsoftcapsule),198500033,갈색,brown,장방형,oblong,제큐스,brown,oval,제큐스,True,False,True,False,True,True,True,False,https://nedrug.mfds.go.kr/pbp/cmn/itemImageDownload/147427708320500038
조피스타정1밀리그램(에스조피클론),201902863,하양,white,원형,round,EZ1,white,round,EZ I,True,True,False,False,True,True,False,False,https://nedrug.mfds.go.kr/pbp/cmn/itemImageDownload/1Mm5TBIV2Dc
텔미일정40mg(텔미사르탄),201603226,하양,white,원형,round,T,white,round,TL1,True,True,False,False,True,True,False,False,https://nedrug.mfds.go.kr/pbp/cmn/itemImageDownload/147290642243800022
나나스테인캅셀(에스카르복시메칠씨스테인),198200291,초록,green,장방형,oblong,BPBP,green,oval,BP BP,True,False,True,False,True,True,True,False,https://nedrug.mfds.go.kr/pbp/cmn/itemImageDownload/147427453952300132
레설트정(레보설피리드),201403726,하양,white,원형,round,마크,white,oval,,True,False,False,False,True,True,False,False,https://nedrug.mfds.go.kr/pbp/cmn/itemImageDownload/1NmnIIj_tJq
원트라셋정,201804528,주황,orange,장방형,oblong,NBK5,yellow,oval,NBK5,False,False,True,False,False,True,False,False,https://nedrug.mfds.go.kr/pbp/cmn/itemImageDownload/1NRstGF7DAX
판텍큐플러스연질캡슐,202107058,빨강|투명,red,타원형,oval,PTQTP,red,oval,PTQP,True,True,False,False,True,True,False,False,https://nedrug.mfds.go.kr/pbp/cmn/itemImageDownload/1PEPKBUccGO
맥세비카정5/20밀리그램,201904506,하양,white,원형,round,MF,white,round,MIF,True,True,False,False,True,True,False,False,https://nedrug.mfds.go.kr/pbp/cmn/itemImageDownload/1N1ddmFmDn8
텔로바틴정80/10밀리그램,202101316,분홍,pink,타원형,oval,KMP80/10,beige,oval,KMP 80/10,False,True,True,False,False,True,False,False,https://nedrug.mfds.go.kr/pbp/cmn/itemImageDownload/1NYH_iJCk32
영풍라니티딘염산염정150밀리그램,198701523,하양,white,원형,round,Y.RANTDN150,white,round,Y.RANTDM 150,True,True,False,False,True,True,False,False,https://nedrug.mfds.go.kr/pbp/cmn/itemImageDownload/1Pc8NyfFGKS
아나리드캡슐0.5밀리그램(아나그렐리드염산염),201803846,하양,white,장방형,oblong,PBANA0.5,white,capsule,PB ANA 0.5,True,False,True,False,True,True,True,False,https://nedrug.mfds.go.kr/pbp/cmn/itemImageDownload/153987723009500073
뉴란타에이정,200200445,연두,light green,원형,round,DW,green,round,DW,False,True,True,False,True,True,True,False,https://nedrug.mfds.go.kr/pbp/cmn/itemImageDownload/148609525998000124
헤파라민연질캡슐(아르기닌티디아시케이트),201502411,갈색,brown,타원형,oval,HPRM,red,oval,HPRM,False,True,True,False,False,True,False,False,https://nedrug.mfds.go.kr/pbp/cmn/itemImageDownload/146032395918500160
텔카디플러스정40/12.5밀리그램,201906503,하양,white,타원형,oval,IH,white,oval,,True,True,False,False,True,True,False,False,https://nedrug.mfds.go.kr/pbp/cmn/itemImageDownload/1OGYzwP1LK4
로로펜정60밀리그램(록소프로펜나트륨수화물),201804583,하양,white,원형,round,PL,white,round,PL 60,True,True,False,False,True,True,False,False,https://nedrug.mfds.go.kr/pbp/cmn/itemImageDownload/154817162448400011
본이반정150밀리그램(이반드론산나트륨일수화물),201500856,하양,white,장방형,oblong,HUV,white,oval,HUV,True,False,True,False,True,True,True,False,https://nedrug.mfds.go.kr/pbp/cmn/itemImageDownload/152769484199600084
트윈스핀정80/5mg,201605846,파랑,blue,타원형,oval,,white,oval,,False,True,True,False,False,True,False,False,https://nedrug.mfds.go.kr/pbp/cmn/itemImageDownload/148059602501300035
케이듀오서방정10/1000밀리그램,202106854,주황,orange,타원형,oval,<10,yellow,oval,<10,False,True,True,False,False,True,False,False,https://nedrug.mfds.go.kr/pbp/cmn/itemImageDownload/1ORg8QAQ1GS
명문미르타오디정30밀리그램(미르타자핀),201800907,하양,white,원형,round,M3,white,round,1M3,True,True,False,False,True,True,False,False,https://nedrug.mfds.go.kr/pbp/cmn/itemImageDownload/152613961341600080
로수암핀정10/5밀리그램,201803560,주황,orange,원형,round,RΛ105,yellow,round,105,False,True,False,False,False,True,False,False,https://nedrug.mfds.go.kr/pbp/cmn/itemImageDownload/154272840543600085
트루시타정100밀리그램(시타글립틴염산염수화물),202101848,분홍,pink,원형,round,BS,orange,round,BS,False,True,True,False,False,True,False,False,https://nedrug.mfds.go.kr/pbp/cmn/itemImageDownload/1OcIzQG1qWg
유로바젯정10/10밀리그램,202004557,주황,orange,장방형,oblong,UZ1,yellow,oval,UZ1,False,False,True,False,False,True,False,False,https://nedrug.mfds.go.kr/pbp/cmn/itemImageDownload/1NOwp2F6SsB
한미아테놀올정50밀리그램(아테놀올),199001832,하양,white,원형,round,H,white,round,,True,True,False,False,True,True,False,False,https://nedrug.mfds.go.kr/pbp/cmn/itemImageDownload/1OaGlNUXHrf
글리아민연질캡슐(콜린알포세레이트),201603644,갈색,brown,타원형,oval,글리아민,yellow,oval,글리아민,False,True,True,False,False,True,False,False,https://nedrug.mfds.go.kr/pbp/cmn/itemImageDownload/1MaQuqD9csk
투렌정(벤프로페린인산염),199701234,빨강,red,원형,round,TGN,brown,round,TG,False,True,False,False,False,True,False,False,https://nedrug.mfds.go.kr/pbp/cmn/itemImageDownload/149106123739300158
타넥신정,201700920,연두,light green,타원형,oval,DWB,green,oval,DWB,False,True,True,False,True,True,True,False,https://nedrug.mfds.go.kr/pbp/cmn/itemImageDownload/1MbnHD7rxdG
부광로수바스타틴칼슘정5밀리그램,201501711,노랑,yellow,원형,round,마크,yellow,oval,,True,False,False,False,True,True,False,False,https://nedrug.mfds.go.kr/pbp/cmn/itemImageDownload/147427032054000043
디루톨에스알정4밀리그램(톨터로딘-L-타르타르산염),200600562,하양,white,원형,round,마크,white,round,,True,True,False,False,True,True,False,False,https://nedrug.mfds.go.kr/pbp/cmn/itemImageDownload/1Pc8NyfFGm0
렉시프람정10밀리그램(에스시탈로프람옥살산염),201905390,하양,white,타원형,oval,D,white,oval,,True,True,False,False,True,True,False,False,https://nedrug.mfds.go.kr/pbp/cmn/itemImageDownload/1O6liAhLUk1
가베스판연질캡슐,200400975,초록,green,장방형,oblong,SNPGVS,green,oval,SNP GVS,True,False,True,False,True,True,True,False,https://nedrug.mfds.go.kr/pbp/cmn/itemImageDownload/1MncJAM5kzh
씬지로이드정0.2밀리그램(레보티록신나트륨수화물),201804237,연두,light green,타원형,oval,B,yellow,oval,BK,False,True,False,False,False,True,False,False,https://nedrug.mfds.go.kr/pbp/cmn/itemImageDownload/154609804554700001
몬카리진정(몬테루카스트나트륨|레보세티리진염산염),202303017,주황,orange,원형,round,HDML,yellow,round,HDML,False,True,True,False,False,True,False,False,https://nedrug.mfds.go.kr/pbp/cmn/itemImageDownload/1PEQqCYJLMg
엘카트정(아세틸-L-카르니틴염산염),200803693,하양,white,장방형,oblong,LCΛT,white,oval,LCAT,True,False,False,False,True,True,False,False,https://nedrug.mfds.go.kr/pbp/cmn/itemImageDownload/1Pc8bb3CPF2
아이스타정40/5mg,201702226,하양,white,타원형,oval,Λ15,white,oval,A15,True,True,False,False,True,True,False,False,https://nedrug.mfds.go.kr/pbp/cmn/itemImageDownload/154609810414600057
위스틸정(애엽95%에탄올연조엑스(20→1)),201505033,연두,light green,타원형,oval,WST,green,oval,WST,False,True,True,False,True,True,True,False,https://nedrug.mfds.go.kr/pbp/cmn/itemImageDownload/1OIqL7qNETl
올프레플러스정20/12.5밀리그램,201100800,주황,orange,원형,round,OL+,orange,oval,OL+,True,False,True,False,True,True,True,False,https://nedrug.mfds.go.kr/pbp/cmn/itemImageDownload/147426533551600096
알레노즈캡슐,202501013,주황,orange,장방형,oblong,SSNALN,orange,capsule,SSN ALN,True,False,True,False,True,True,True,False,https://nedrug.mfds.go.kr/pbp/cmn/itemImageDownload/1Pb_3_20wBb
알베오텐정(넬테넥신일수화물)(수출용),200101032,하양,white,원형,round,α,white,round,,True,True,False,False,True,True,False,False,https://nedrug.mfds.go.kr/pbp/cmn/itemImageDownload/147427743488900102
타미트라정,200804611,노랑,yellow,장방형,oblong,TMT,yellow,oval,TMT,True,False,True,False,True,True,True,False,https://nedrug.mfds.go.kr/pbp/cmn/itemImageDownload/1NSgQ0pOIxt
엘라오일정(울리프리스탈아세테이트),202202456,하양,white,원형,round,마크7,white,round,967,True,True,False,False,True,True,False,False,https://nedrug.mfds.go.kr/pbp/cmn/itemImageDownload/1OBVa0o7buW
레드보르정(레보드로프로피진),201310291,하양,white,원형,round,HT,white,round,CIT,True,True,False,False,True,True,False,False,https://nedrug.mfds.go.kr/pbp/cmn/itemImageDownload/1PrBIgS2q_9
크레바젯정10/5밀리그램,202004608,분홍,pink,타원형,oval,YL5,pink,oval,YLS,True,True,False,False,True,True,False,False,https://nedrug.mfds.go.kr/pbp/cmn/itemImageDownload/1NXqH06PVMA
타미르캡슐45mg(오셀타미비르인산염),201603591,회색,gray,장방형,oblong,SCD45mg,white,capsule,SCD,False,False,False,False,True,True,False,False,https://nedrug.mfds.go.kr/pbp/cmn/itemImageDownload/150245526032300144
프린캡슐75밀리그램(프레가발린),201604075,갈색,brown,장방형,oblong,KPPPR75,orange,capsule,KPP,False,False,False,False,False,True,False,False,https://nedrug.mfds.go.kr/pbp/cmn/itemImageDownload/150402124931600012
플라벤정(미세정제플라보노이드분획물),200707596,주황,orange,장방형,oblong,TGFB,orange,oval,TGFB,True,False,True,False,True,True,True,False,https://nedrug.mfds.go.kr/pbp/cmn/itemImageDownload/1NcjsrU2ZaJ
시타피오정100/30밀리그램(시타글립틴인산염수화물|피오글리타존염산염),202302297,분홍,pink,타원형,oval,ST30,beige,oval,ST30,False,True,True,False,False,True,False,False,https://nedrug.mfds.go.kr/pbp/cmn/itemImageDownload/1OfVhvgG47S
아미브정10/20밀리그램,202101615,하양,white,타원형,oval,마크2,white,oval,XG 2,True,True,False,False,True,True,False,False,https://nedrug.mfds.go.kr/pbp/cmn/itemImageDownload/1NYyLUFhcy8
오티렌F정[애엽이소프로판올연조엑스(20→1)],201504314,연두,light green,원형,round,DWP,green,round,DWP,False,True,True,False,True,True,True,False,https://nedrug.mfds.go.kr/pbp/cmn/itemImageDownload/147427093060400116
코디비캡슐,200908782,하양,white,장방형,oblong,PNXCDB,white,oval,PNX CDB,True,False,True,False,True,True,True,False,https://nedrug.mfds.go.kr/pbp/cmn/itemImageDownload/147426467421600035
프로빅트정(클로피도그렐황산염),201503157,분홍,pink,원형,round,K.D,orange,round,K.D.,False,True,False,False,False,True,False,False,https://nedrug.mfds.go.kr/pbp/cmn/itemImageDownload/149723201580000078
로수브젯정10/5밀리그램,202004602,분홍,pink,타원형,oval,I05,orange,oval,105,False,True,False,False,False,True,False,False,https://nedrug.mfds.go.kr/pbp/cmn/itemImageDownload/1NOwp2F6J5b
모노신정(독시사이클린하이클레이트수화물),198300718,주황,orange,장방형,oblong,마크,orange,oval,1,True,False,False,False,True,True,False,False,https://nedrug.mfds.go.kr/pbp/cmn/itemImageDownload/1OneiO4vTiQ
벤라팩트서방캡슐(벤라팍신염산염),200701831,분홍,pink,장방형,oblong,SCDVFS,orange,capsule,SCD VFS,False,False,True,False,False,True,False,False,https://nedrug.mfds.go.kr/pbp/cmn/itemImageDownload/1On2ryplIj7
디오반필름코팅정320밀리그램(발사르탄),200703598,갈색,brown,타원형,oval,NVR,tan,oval,NVR,False,True,True,False,False,True,False,False,https://nedrug.mfds.go.kr/pbp/cmn/itemImageDownload/1MecIOjA6ZF
큐로벡스정(클로피도그렐황산수소염),201803777,분홍,pink,원형,round,LL,pink,round,,True,True,False,False,True,True,False,False,https://nedrug.mfds.go.kr/pbp/cmn/itemImageDownload/1MaQuqD9cZe
쏘큐정,201901965,연두,light green,장방형,oblong,YHSO-Q,green,oval,YHSO-Q,False,False,True,False,True,True,True,False,https://nedrug.mfds.go.kr/pbp/cmn/itemImageDownload/1NvwvvpEPMJ
에피움정20밀리그램(에스오메프라졸마그네슘삼수화물),201508476,분홍,pink,원형,round,MK2,orange,round,MK2,False,True,True,False,False,True,False,False,https://nedrug.mfds.go.kr/pbp/cmn/itemImageDownload/1ObKPNYiUxk
치옥탄에이치알정(티옥트산),200512235,연두,light green,장방형,oblong,ry,green,oval,,False,False,False,False,True,True,False,False,https://nedrug.mfds.go.kr/pbp/cmn/itemImageDownload/1NVU-6uw3u2
푸로렌캡슐(플루옥세틴염산염),200301925,초록,green,장방형,oblong,KDPro,yellow,capsule,KD Pro,False,False,True,False,False,True,False,False,https://nedrug.mfds.go.kr/pbp/cmn/itemImageDownload/1Oa2BrqwGe6
토코그린연질캡슐,200308625,갈색,brown,장방형,oblong,FT-TGR,orange,oval,FT-TGR,False,False,True,False,False,True,False,False,https://nedrug.mfds.go.kr/pbp/cmn/itemImageDownload/154661648918900052
케어코프캡슐,200301504,노랑,yellow,장방형,oblong,마크CC,yellow,capsule,dP CC,True,False,False,False,True,True,False,False,https://nedrug.mfds.go.kr/pbp/cmn/itemImageDownload/1OaGlNUXHkd
뉴론틴캡슐400밀리그램(가바펜틴),200511065,주황,orange,장방형,oblong,Neurontin®----------400mg마크,orange,oblong,,True,True,False,False,True,True,False,False,https://nedrug.mfds.go.kr/pbp/cmn/itemImageDownload/1O0bxj5Fk0V
플루다졸캡슐50밀리그램(플루코나졸),201904666,파랑,blue,장방형,oblong,50마크,white,capsule,50 26,False,False,False,False,False,True,False,False,https://nedrug.mfds.go.kr/pbp/cmn/itemImageDownload/1Mva4bz2Zj3
하드코프캡슐,201003954,초록,green,장방형,oblong,MMHC,green and yellow,oblong,MM HC,False,True,True,False,False,True,False,False,https://nedrug.mfds.go.kr/pbp/cmn/itemImageDownload/147426502377200039
헤파루사연질캡슐(카르두스마리아누스엑스),200607853,갈색|투명,brown,장방형,oblong,heparusa,orange,oval,heparusa,False,False,True,False,False,True,False,False,https://nedrug.mfds.go.kr/pbp/cmn/itemImageDownload/147809049909500118
엔티렌정(애엽95%에탄올연조엑스(20→1)),201907338,연두,light green,타원형,oval,nT,green,oval,NT,False,True,True,False,True,True,True,False,https://nedrug.mfds.go.kr/pbp/cmn/itemImageDownload/1NvwvvpEOk7
명인세파클러캡슐,199301197,보라,violet,장방형,oblong,CF250MIP,purple,oval,CF250 MIP,False,False,True,False,True,True,True,False,https://nedrug.mfds.go.kr/pbp/cmn/itemImageDownload/151326607822200002
테네필정20밀리그램,202107318,분홍,pink,원형,round,JIT,pink,round,JT,True,True,False,False,True,True,False,False,https://nedrug.mfds.go.kr/pbp/cmn/itemImageDownload/1OD_if8mnEn
아디펙스정37.5밀리그램(펜터민염산염),200308497,하양,white,기타,other,KD,white,oval,KD,True,False,True,False,True,False,False,False,https://nedrug.mfds.go.kr/pbp/cmn/itemImageDownload/147428078002600034
리카스타캡슐75mg(프레가발린),201601187,갈색,brown,장방형,oblong,ETXN3,orange,capsule,ETX N3,False,False,True,False,False,True,False,False,https://nedrug.mfds.go.kr/pbp/cmn/itemImageDownload/149996040389900025
액티엠메트정15/850mg,201804095,하양,white,장방형,oblong,GAT,white,oval,GAT,True,False,True,False,True,True,True,False,https://nedrug.mfds.go.kr/pbp/cmn/itemImageDownload/1MZGLmiMsWW
그린알부연질캡슐,200806245,갈색,brown,장방형,oblong,그린알부,brown,oval,그린알부,True,False,True,False,True,True,True,False,https://nedrug.mfds.go.kr/pbp/cmn/itemImageDownload/1NoOiJmZV8N
센테라정(센텔라정량추출물),201701903,연두,light green,원형,round,마크,green,round,JS,False,True,False,False,True,True,False,False,https://nedrug.mfds.go.kr/pbp/cmn/itemImageDownload/1NOwp2F6QSy
토파잭트정10밀리그램(토파시티닙시트르산염),202503025,파랑,blue,원형,round,마크,white,round,S L,False,True,False,False,False,True,False,False,https://nedrug.mfds.go.kr/pbp/cmn/itemImageDownload/1Pjy9AR10tw
스렙토정(스트렙토키나제·스트렙토도르나제),201405479,분홍,pink,원형,round,마크,pink,round,HI,True,True,False,False,True,True,False,False,https://nedrug.mfds.go.kr/pbp/cmn/itemImageDownload/152769484199600006
알파아세트아미노펜정500밀리그람,199302514,노랑,yellow,장방형,oblong,alpha,yellow,oval,alpha,True,False,True,False,True,True,True,False,https://nedrug.mfds.go.kr/pbp/cmn/itemImageDownload/147427593004100035
비스칸정(바실루스폴리퍼멘티쿠스엔.에스피균),200000925,하양,white,마름모형,diamond,B,white,oblong,BS,True,False,False,False,True,False,False,False,https://nedrug.mfds.go.kr/pbp/cmn/itemImageDownload/147427698198900031
불티움정5밀리그램(타다라필),201503139,주황,orange,타원형,oval,VTU5,yellow,oval,VTU5,False,True,True,False,False,True,False,False,https://nedrug.mfds.go.kr/pbp/cmn/itemImageDownload/1PY1nSsWVPq
글루파정500mg(메트포르민염산염),200301119,하양,white,장방형,oblong,DB,white,oval,DB 500,True,False,False,False,True,True,False,False,https://nedrug.mfds.go.kr/pbp/cmn/itemImageDownload/1OfqkDGYV3F
시바스정(심바스타틴),200403126,분홍,pink,타원형,oval,H,orange,oval,HIS,False,True,False,False,False,True,False,False,https://nedrug.mfds.go.kr/pbp/cmn/itemImageDownload/147428038475100082
펜세타정(아세트아미노펜제피세립),199601484,하양,white,장방형,oblong,마크,white,oval,,True,False,False,False,True,True,False,False,https://nedrug.mfds.go.kr/pbp/cmn/itemImageDownload/1MaQuqD9cQr
카바롤캅셀,199202158,파랑,blue,장방형,oblong,PKPK,blue,oval,PK,True,False,False,False,True,True,False,False,https://nedrug.mfds.go.kr/pbp/cmn/itemImageDownload/148551988241500181
오라록신정100mg(오플록사신),201405581,하양,white,원형,round,HT,white,oval,HT,True,False,True,False,True,True,True,False,https://nedrug.mfds.go.kr/pbp/cmn/itemImageDownload/1PEPKBUcis1
엘피진정(레보드로프로피진),200702448,하양,white,원형,round,마크LP,white,round,DLP,True,True,False,False,True,True,False,False,https://nedrug.mfds.go.kr/pbp/cmn/itemImageDownload/1PEPKBUcclS
디큐반정160mg(발사르탄),200807203,주황,orange,타원형,oval,A,orange,oval,A G,True,True,False,False,True,True,False,False,https://nedrug.mfds.go.kr/pbp/cmn/itemImageDownload/154297265138500044
베스타제포르테정,198800190,하양,white,장방형,oblong,BSF,white,oval,BSF,True,False,True,False,True,True,True,False,https://nedrug.mfds.go.kr/pbp/cmn/itemImageDownload/1PTcEU22-8r
에스플로정10/100밀리그램,202300383,분홍,pink,타원형,oval,,orange,oval,,False,True,True,False,False,True,False,False,https://nedrug.mfds.go.kr/pbp/cmn/itemImageDownload/1OcIzQG1qZU
네오셉트정5밀리그램(도네페질염산염일수화물),202002256,하양,white,원형,round,SHP,white,round,SH-D,True,True,False,False,True,True,False,False,https://nedrug.mfds.go.kr/pbp/cmn/itemImageDownload/1NOwp2F6O3s
휴모리드정5mg(모사프리드시트르산염수화물),200702967,하양,white,장방형,oblong,HS,white,oval,HS,True,False,True,False,True,True,True,False,https://nedrug.mfds.go.kr/pbp/cmn/itemImageDownload/154298772606500013
에스프라졸정40밀리그램(에스오메프라졸마그네슘이수화물),201905068,분홍,pink,타원형,oval,마크,brown,oval,dB,False,True,False,False,False,True,False,False,https://nedrug.mfds.go.kr/pbp/cmn/itemImageDownload/1Pc8bb3CX7l
제이로수정5밀리그램(로수바스타틴칼슘),201702527,노랑,yellow,원형,round,R5JI,yellow,round,R5 J,True,True,False,False,True,True,False,False,https://nedrug.mfds.go.kr/pbp/cmn/itemImageDownload/1P2JYwFs9pg
발미탄정,200807156,분홍,pink,타원형,oval,CV,pink,oval,C.V,True,True,False,False,True,True,False,False,https://nedrug.mfds.go.kr/pbp/cmn/itemImageDownload/147427907131700050
레보티딘정(레보세티리진염산염),201907155,하양,white,타원형,oval,마크,white,oval,96,True,True,False,False,True,True,False,False,https://nedrug.mfds.go.kr/pbp/cmn/itemImageDownload/1P2JYwFs6j3
에르건캡슐(에르도스테인),200410902,노랑,yellow,장방형,oblong,KIBEDS,yellow,capsule,KIB,True,False,False,False,True,True,False,False,https://nedrug.mfds.go.kr/pbp/cmn/itemImageDownload/1Pq3L4XIS7C
오메원정40밀리그램(에스오메프라졸마그네슘이수화물),202000226,분홍,pink,타원형,oval,OM4,orange,oval,OM4,False,True,True,False,False,True,False,False,https://nedrug.mfds.go.kr/pbp/cmn/itemImageDownload/1NRID60LgPf
휴테칸플러스정,200902089,분홍,pink,타원형,oval,PHT,orange,oval,,False,True,False,False,False,True,False,False,https://nedrug.mfds.go.kr/pbp/cmn/itemImageDownload/1O597tTUEyV
위트리정150밀리그램(트리메부틴말레산염),202300310,하양,white,원형,round,T150,white,round,1750,True,True,False,False,True,True,False,False,https://nedrug.mfds.go.kr/pbp/cmn/itemImageDownload/1OXBXjHRXl-
무스켈정250밀리그람(카르바민산클로르페네신),198802575,하양,white,원형,round,마크,white,round,Hiv,True,True,False,False,True,True,False,False,https://nedrug.mfds.go.kr/pbp/cmn/itemImageDownload/1Mxwka5v2HP
카엘정,201001201,분홍,pink,원형,round,CADAG,orange,round,CA DAG,False,True,True,False,False,True,False,False,https://nedrug.mfds.go.kr/pbp/cmn/itemImageDownload/147426479322700055
리나틴플러스엑스알정2.5/1000밀리그램(리나글립틴|메트포르민염산염),202400186,주황,orange,타원형,oval,LX2.5,yellow,oval,LX2.5,False,True,True,False,False,True,False,False,https://nedrug.mfds.go.kr/pbp/cmn/itemImageDownload/1P2JYwFs9lA
노통펜프러스정,200804821,노랑,yellow,장방형,oblong,HIP,yellow,oval,HIP,True,False,True,False,True,True,True,False,https://nedrug.mfds.go.kr/pbp/cmn/itemImageDownload/1NOwp2F6RRJ
아케로캡슐(아세브로필린),202003918,회색,gray,장방형,oblong,KNP6,gray,capsule,KNP 6,True,False,True,False,True,True,True,False,https://nedrug.mfds.go.kr/pbp/cmn/itemImageDownload/1PNurCBsoUV
메가비텐액티브정,202107319,갈색,brown,장방형,oblong,MVC,brown,oval,MVC,True,False,True,False,True,True,True,False,https://nedrug.mfds.go.kr/pbp/cmn/itemImageDownload/1O3VwdlngxC
두타론정0.5밀리그램(두타스테리드),201802875,노랑,yellow,장방형,oblong,Λ,yellow,oval,A 05,True,False,False,False,True,True,False,False,https://nedrug.mfds.go.kr/pbp/cmn/itemImageDownload/1Na4Vf6KGzI
글리텍정2밀리그램(글리메피리드),200400124,초록,green,기타,other,DK,green,oblong,DK DK,True,False,False,False,True,False,False,False,https://nedrug.mfds.go.kr/pbp/cmn/itemImageDownload/1Oi0vWfEyDJ
몬테나정10밀리그램(몬테루카스트나트륨),200810610,분홍,pink,사각형,rectangle,마크,white,oblong,SP,False,False,False,False,False,True,False,False,https://nedrug.mfds.go.kr/pbp/cmn/itemImageDownload/1OdQnyc64MY
알포민정(콜린알포세레이트),201501383,주황,orange,타원형,oval,,yellow,oval,,False,True,True,False,False,True,False,False,https://nedrug.mfds.go.kr/pbp/cmn/itemImageDownload/147427016107500013
자누리틴정50밀리그램(시타글립틴염산염수화물),202002249,분홍,pink,원형,round,JN5,orange,round,JN5,False,True,True,False,False,True,False,False,https://nedrug.mfds.go.kr/pbp/cmn/itemImageDownload/1OdaTZpEPmM
컴비비어정,200108711,하양,white,장방형,oblong,GX,white,oval,GX FC3,True,False,False,False,True,True,False,False,https://nedrug.mfds.go.kr/pbp/cmn/itemImageDownload/1NOwp2F6CwV
프라톤정(란소프라졸)(수출용),200301238,갈색,brown,원형,round,LADWP,orange,round,LA DWP,False,True,True,False,False,True,False,False,https://nedrug.mfds.go.kr/pbp/cmn/itemImageDownload/147427965508800079
셀브렉캡슐(세레콕시브),201101845,하양,white,장방형,oblong,CLC마크,white,oval,CLC dk,True,False,False,False,True,True,False,False,https://nedrug.mfds.go.kr/pbp/cmn/itemImageDownload/147426543658300051
클라스핀캡슐75/100밀리그램(클로피도그렐|아스피린),201111148,빨강,red,장방형,oblong,UBCLS100,orange,capsule,UB CLS10,False,False,False,False,False,True,False,False,https://nedrug.mfds.go.kr/pbp/cmn/itemImageDownload/1OKRXo9l4L8
엑스원알정5/80/10밀리그램,201902301,분홍,pink,장방형,oblong,ΛVR1,pink,oval,AVR1,True,False,False,False,True,True,False,False,https://nedrug.mfds.go.kr/pbp/cmn/itemImageDownload/1NQk_pnrA16
카딜정2밀리그램(독사조신메실산염),200000932,하양,white,장방형,oblong,C,white,oval,C/D,True,False,False,False,True,True,False,False,https://nedrug.mfds.go.kr/pbp/cmn/itemImageDownload/1Oi0vWfEy6Z
디푸란캡슐(플루코나졸),200400757,파랑,blue,장방형,oblong,D-WD-WDFRDFR,blue,capsule,D-W DFA D-W DFR,True,False,False,False,True,True,False,False,https://nedrug.mfds.go.kr/pbp/cmn/itemImageDownload/1Oji5MZBeNY
빔스크정50밀리그램(라코사미드),201605343,분홍,pink,타원형,oval,SK,beige,oval,SK,False,True,True,False,False,True,False,False,https://nedrug.mfds.go.kr/pbp/cmn/itemImageDownload/147541209851800156
뉴페질구강붕해필름10mg(도네페질염산염),201405368,노랑,yellow,사각형,rectangle,,,,,False,False,True,False,False,False,False,True,https://nedrug.mfds.go.kr/pbp/cmn/itemImageDownload/147426964205900164
투세프정(세프프로질수화물),200501001,분홍,pink,장방형,oblong,SCD,orange,oval,SCD,False,False,True,False,False,True,False,False,https://nedrug.mfds.go.kr/pbp/cmn/itemImageDownload/147428138547700030
트란타듀오정2.5/850밀리그램,202400701,분홍,pink,타원형,oval,T2/850,orange,oval,T2/850,False,True,True,False,False,True,False,False,https://nedrug.mfds.go.kr/pbp/cmn/itemImageDownload/1P2JYwFs6J8
오잘탄정50밀리그램(로사르탄칼륨),200502189,하양,white,타원형,oval,OZ1,white,oval,QZ1,True,True,False,False,True,True,False,False,https://nedrug.mfds.go.kr/pbp/cmn/itemImageDownload/1Oikd3yeYQr
카나덴정60밀리그램(피마사르탄칼륨삼수화물),202402993,노랑,yellow,타원형,oval,D,yellow,oval,DF,True,True,False,False,True,True,False,False,https://nedrug.mfds.go.kr/pbp/cmn/itemImageDownload/1PbaZonp1xa
자누그린듀오정50/850밀리그램,202200910,분홍,pink,장방형,oblong,JG85,pink,oval,J85,True,False,False,False,True,True,False,False,https://nedrug.mfds.go.kr/pbp/cmn/itemImageDownload/1OfqkDGYV6L
아주세파드록실캡슐500밀리그람(수출명:세파드록실캅셀|듀록실캅셀|Kedoxcap.(세파드록실수화물)|드로세프(DROCEF)캅셀|필케독스(PHILKEDOX)캅셀),199400635,갈색,brown,장방형,oblong,AJUCDC,white,capsule,AJU CDC,False,False,True,False,False,True,False,False,https://nedrug.mfds.go.kr/pbp/cmn/itemImageDownload/1PgA5yKC1Qm
펜렉스정(록소프로펜나트륨수화물),200401891,분홍,pink,원형,round,CT,pink,round,CT CP,True,True,False,False,True,True,False,False,https://nedrug.mfds.go.kr/pbp/cmn/itemImageDownload/147428038475100185
싱귤라엘정(몬테루카스트나트륨|레보세티리진염산염),202302553,하양,white,원형,round,MΛ,white,round,,True,True,False,False,True,True,False,False,https://nedrug.mfds.go.kr/pbp/cmn/itemImageDownload/1PciMw6n_-6
베시콜정10밀리그램(솔리페나신숙신산염),201701288,분홍,pink,원형,round,VK,white,round,VK,False,True,True,False,False,True,False,False,https://nedrug.mfds.go.kr/pbp/cmn/itemImageDownload/150159525484900155
아토란정10밀리그램(아토르바스타틴칼슘수화물),201307559,하양,white,원형,round,AV,white,oval,AV,True,False,True,False,True,True,True,False,https://nedrug.mfds.go.kr/pbp/cmn/itemImageDownload/152976840426300009
프릴린정75밀리그램(프레가발린),201905644,파랑,blue,타원형,oval,P,blue,oval,P I,True,True,False,False,True,True,False,False,https://nedrug.mfds.go.kr/pbp/cmn/itemImageDownload/1OZ25fiXc9l
지나딘캡슐150밀리그램(니자티딘),201504732,노랑,yellow,장방형,oblong,ΛUKNZ,yellow,capsule,AUK NZ,True,False,False,False,True,True,False,False,https://nedrug.mfds.go.kr/pbp/cmn/itemImageDownload/147427100481600033
덴트리올캡슐,200606561,초록,green,장방형,oblong,WRP덴트리올,green,capsule,WRP 덴트리올,True,False,True,False,True,True,True,False,https://nedrug.mfds.go.kr/pbp/cmn/itemImageDownload/147428268052300047
메모로정(도베실산칼슘수화물),199201877,하양,white,장방형,oblong,Y,white,oval,,True,False,False,False,True,True,False,False,https://nedrug.mfds.go.kr/pbp/cmn/itemImageDownload/147427548429300068
덱사하이정4밀리그램(덱사메타손),202203949,하양,white,장방형,oblong,D,white,oval,,True,False,False,False,True,True,False,False,https://nedrug.mfds.go.kr/pbp/cmn/itemImageDownload/1PKblG1bdul
엑소라졸정20밀리그램(에스오메프라졸마그네슘삼수화물),201403542,분홍,pink,원형,round,DK2,orange,round,DK2,False,True,True,False,False,True,False,False,https://nedrug.mfds.go.kr/pbp/cmn/itemImageDownload/1NzPkSccjL2
로타칸정10/8밀리그램,201702406,분홍,pink,원형,round,RT,orange,round,RT,False,True,True,False,False,True,False,False,https://nedrug.mfds.go.kr/pbp/cmn/itemImageDownload/149745481738000000
타그리소정40밀리그램(오시머티닙메실산염),201602777,분홍,pink,원형,round,AZ40,beige,round,AZ 40,False,True,True,False,False,True,False,False,https://nedrug.mfds.go.kr/pbp/cmn/itemImageDownload/154297265138500074
멜록캄캡슐7.5밀리그램(멜록시캄),201600894,초록,green,장방형,oblong,HKHK,green,oval,HK HK,True,False,True,False,True,True,True,False,https://nedrug.mfds.go.kr/pbp/cmn/itemImageDownload/147427196107200031
모아리버연질캡슐,200301828,갈색,brown,장방형,oblong,FT-MRB,brown,oval,FT-MRB,True,False,True,False,True,True,True,False,https://nedrug.mfds.go.kr/pbp/cmn/itemImageDownload/154661648918900046
글리세이트정(콜린알포세레이트),201902431,주황,orange,타원형,oval,,yellow,oval,CL1,False,True,False,False,False,True,False,False,https://nedrug.mfds.go.kr/pbp/cmn/itemImageDownload/1N0_7a4Vsfj
로시칼연질캡슐(칼시트리올)(수출용),199703046,주황,orange,타원형,oval,마크R,orange,oval,PR,True,True,False,False,True,True,False,False,https://nedrug.mfds.go.kr/pbp/cmn/itemImageDownload/1OfoK-mSlQy
모아밀캡슐,201306487,빨강,red,장방형,oblong,MOREMEAL,red,capsule,MORE MEAL,True,False,True,False,True,True,True,False,https://nedrug.mfds.go.kr/pbp/cmn/itemImageDownload/147426697439100106
엘비페라캡슐(포도엽건조엑스),202003378,갈색,brown,장방형,oblong,HLB180,red,capsule,HLB 18,False,False,False,False,False,True,False,False,https://nedrug.mfds.go.kr/pbp/cmn/itemImageDownload/1P2JYwFs6MW
파로세닌정10밀리그램(파록세틴염산염수화물),200605344,주황,orange,장방형,oblong,PXT,yellow,oval,PXT,False,False,True,False,False,True,False,False,https://nedrug.mfds.go.kr/pbp/cmn/itemImageDownload/1OiAjxwzCd2
렙필정250밀리그램(레비티라세탐),201207472,하양,white,타원형,oval,LP,white,oval,LP 250,True,True,False,False,True,True,False,False,https://nedrug.mfds.go.kr/pbp/cmn/itemImageDownload/1O8hTAhK8Ck
라투딘정75밀리그램(라니티딘염산염),201602551,분홍,pink,원형,round,MM,pink,oval,MM,True,False,True,False,True,True,True,False,https://nedrug.mfds.go.kr/pbp/cmn/itemImageDownload/147316560789700010
리버파워연질캡슐,200707312,갈색,brown,타원형,oval,리버파워,red,oval,리버파워,False,True,True,False,False,True,False,False,https://nedrug.mfds.go.kr/pbp/cmn/itemImageDownload/147427801142800089
모티브정(모사프리드시트르산염수화물),200608133,하양,white,장방형,oblong,I,white,oval,I Y,True,False,False,False,True,True,False,False,https://nedrug.mfds.go.kr/pbp/cmn/itemImageDownload/154333333086500010
리브온정2.5밀리그램(티볼론),201802998,하양,white,기타,other,T,white,oblong,TU,True,False,False,False,True,False,False,False,https://nedrug.mfds.go.kr/pbp/cmn/itemImageDownload/1NOwp2F6QfY
마토탑연질캡슐,201500214,갈색,brown,타원형,oval,마토탑,red,oval,마토탑,False,True,True,False,False,True,False,False,https://nedrug.mfds.go.kr/pbp/cmn/itemImageDownload/147426995046400014
가바킹캡슐300mg(가바펜틴),201405788,노랑,yellow,장방형,oblong,KGPC19,yellow,oval,KGP C19,True,False,True,False,True,True,True,False,https://nedrug.mfds.go.kr/pbp/cmn/itemImageDownload/147426989724000075
네버콜에프캡슐,201402233,초록,green,장방형,oblong,NVC-ANVC-A,green,capsule,NVC-A NVC-A,True,False,True,False,True,True,True,False,https://nedrug.mfds.go.kr/pbp/cmn/itemImageDownload/149723190197300052
광동세파클러캡슐(세파클러수화물),200301912,파랑,blue,장방형,oblong,KDCefac,white,capsule,KD Cefac,False,False,True,False,False,True,False,False,https://nedrug.mfds.go.kr/pbp/cmn/itemImageDownload/151335249722200053
모사리드서방정15밀리그램(모사프리드시트르산염수화물),202002907,분홍,pink,타원형,oval,MR,beige,oval,MR,False,True,True,False,False,True,False,False,https://nedrug.mfds.go.kr/pbp/cmn/itemImageDownload/1Pc8bb3CYZa
메가록신정250밀리그램(시프로플록사신염산염수화물),200201724,하양,white,원형,round,WJ,white,round,WJ 27,True,True,False,False,True,True,False,False,https://nedrug.mfds.go.kr/pbp/cmn/itemImageDownload/147427975564100135
뮤테인캡슐(아세틸시스테인),201500723,하양,white,장방형,oblong,H.KrsH.Krs,white,oval,H.Krs H.Krs,True,False,True,False,True,True,True,False,https://nedrug.mfds.go.kr/pbp/cmn/itemImageDownload/149723201580000090
페노바정(페노피브레이트),201404451,하양,white,기타,other,FNT,white,oval,FNT,True,False,True,False,True,False,False,False,https://nedrug.mfds.go.kr/pbp/cmn/itemImageDownload/147426933077600049
코러스아세트아미노펜정300밀리그램(수출용),199102938,하양,white,원형,round,Krs·AA,white,round,AA,True,True,False,False,True,True,False,False,https://nedrug.mfds.go.kr/pbp/cmn/itemImageDownload/154653003766800127
오메프로에스정20밀리그램(에스오메프라졸마그네슘삼수화물),201905243,분홍,pink,원형,round,OS2,orange,round,OS2,False,True,True,False,False,True,False,False,https://nedrug.mfds.go.kr/pbp/cmn/itemImageDownload/1MyJO_nS_3R
두타겟연질캡슐0.5밀리그램(두타스테리드),201507299,노랑|투명,yellow,타원형,oval,D.W,white,oval,D.W.,False,True,False,False,False,True,False,False,https://nedrug.mfds.go.kr/pbp/cmn/itemImageDownload/150488501735800058
센돔정5밀리그램(타다라필),201502774,노랑,yellow,기타,other,CKD,yellow,oval,CKD,True,False,True,False,True,False,False,False,https://nedrug.mfds.go.kr/pbp/cmn/itemImageDownload/147427065184100038
제포정(로녹시캄),199903225,하양,white,원형,round,XEFO4,white,round,XEFO,True,True,False,False,True,True,False,False,https://nedrug.mfds.go.kr/pbp/cmn/itemImageDownload/1P2JYwFs8OY
마이피나정(피나스테리드),201402071,파랑,blue,원형,round,IHF,blue,round,IH,True,True,False,False,True,True,False,False,https://nedrug.mfds.go.kr/pbp/cmn/itemImageDownload/1MuhKLm3TtR
레일론정,201802050,주황,orange,타원형,oval,LYN,yellow,oval,LYN,False,True,True,False,False,True,False,False,https://nedrug.mfds.go.kr/pbp/cmn/itemImageDownload/1OTvz3Wd24u
엘도랄정(에르도스테인),200301610,하양,white,장방형,oblong,K,white,oval,K/D,True,False,False,False,True,True,False,False,https://nedrug.mfds.go.kr/pbp/cmn/itemImageDownload/1Og9J5dfYtZ
테립틴엠서방정10/500밀리그램,202202705,분홍,pink,타원형,oval,YJ150,beige,oval,YJ150,False,True,True,False,False,True,False,False,https://nedrug.mfds.go.kr/pbp/cmn/itemImageDownload/1OFQrsr6pWe
경보이반드로네이트정(이반드론산나트륨일수화물),201306285,하양,white,장방형,oblong,KBP,white,oval,KBP,True,False,True,False,True,True,True,False,https://nedrug.mfds.go.kr/pbp/cmn/itemImageDownload/147426683772100199
세타마돌정,200804562,노랑,yellow,장방형,oblong,IDCT,yellow,oval,ID CT,True,False,True,False,True,True,True,False,https://nedrug.mfds.go.kr/pbp/cmn/itemImageDownload/1Mf9b53DgwN
젠트락스정(알벤다졸)(수출용)(수출명:UnabenTabs.400mg|Unabenfilm-coatedTabs.),198901315,주황,orange,타원형,oval,UNITED------,orange,oval,,True,True,False,False,True,True,False,False,https://nedrug.mfds.go.kr/pbp/cmn/itemImageDownload/1OlTcytjZm0
본에이디에스정,202501022,분홍,pink,타원형,oval,TUP,beige,oval,TUP,False,True,True,False,False,True,False,False,https://nedrug.mfds.go.kr/pbp/cmn/itemImageDownload/1PTcEU22-M2
에스트라시트캡슐140밀리그램(에스트라머스틴인산나트륨수화물),199906840,하양,white,장방형,oblong,ESTRACYT®KPh750,white,oblong,,True,True,False,False,True,True,False,False,https://nedrug.mfds.go.kr/pbp/cmn/itemImageDownload/1Og9J5dfYw5
베아로탄정100밀리그램(로사르탄칼륨),201603010,하양,white,기타,other,BL,white,oval,BL,True,False,True,False,True,False,False,False,https://nedrug.mfds.go.kr/pbp/cmn/itemImageDownload/147446683826500083
로바칸정10밀리그램(로수바스타틴칼슘),201906607,분홍,pink,원형,round,SUH,orange,round,SUH,False,True,True,False,False,True,False,False,https://nedrug.mfds.go.kr/pbp/cmn/itemImageDownload/1N3ivmErt5A
리마글란정(리마프로스트알파덱스),201602284,하양,white,원형,round,마크N,white,round,DN,True,True,False,False,True,True,False,False,https://nedrug.mfds.go.kr/pbp/cmn/itemImageDownload/1N4m05YpqkZ
신콜프-에프정,200403043,분홍,pink,장방형,oblong,SCLF,pink,oval,SCLF,True,False,True,False,True,True,True,False,https://nedrug.mfds.go.kr/pbp/cmn/itemImageDownload/147428038475100019
다사킨정50밀리그램(다사티닙),202600612,하양,white,타원형,oval,BR,white,oval,,True,True,False,False,True,True,False,False,https://nedrug.mfds.go.kr/pbp/cmn/itemImageDownload/1PqnkX9Tl1s
알레넥스정(레보세티리진염산염),201401456,하양,white,타원형,oval,BI,white,oval,B1,True,True,False,False,True,True,False,False,https://nedrug.mfds.go.kr/pbp/cmn/itemImageDownload/147426847266800195
쎄로켈정25밀리그램(쿠에티아핀푸마르산염),200009022,분홍,pink,원형,round,SEROQUEL25,orange,round,SEROQUEL 25,False,True,True,False,False,True,False,False,https://nedrug.mfds.go.kr/pbp/cmn/itemImageDownload/1N9VjldatLr
넥스핀정(아스피린),200905198,분홍,pink,원형,round,NKY,pink,round,KY,True,True,False,False,True,True,False,False,https://nedrug.mfds.go.kr/pbp/cmn/itemImageDownload/148777809115000196
큐로켈정12.5밀리그램(쿠에티아핀푸마르산염),201900219,하양,white,원형,round,Q,white,round,,True,True,False,False,True,True,False,False,https://nedrug.mfds.go.kr/pbp/cmn/itemImageDownload/1MZmMwzxvzE
푸라졸캡슐(플루코나졸),200401222,파랑,blue,장방형,oblong,FURAJRP,white,capsule,FURA JRF,False,False,False,False,False,True,False,False,https://nedrug.mfds.go.kr/pbp/cmn/itemImageDownload/1Oji5MZBeQX
가나프리드정(이토프리드염산염),201305008,하양,white,원형,round,BT,white,oval,BT,True,False,True,False,True,True,True,False,https://nedrug.mfds.go.kr/pbp/cmn/itemImageDownload/1PqCjCpvN4_
카베진코와에스정,201309382,회색,gray,원형,round,KOWA,white,round,KOWA,False,True,True,False,True,True,True,False,https://nedrug.mfds.go.kr/pbp/cmn/itemImageDownload/1Oikd3yeYqJ
레나톤정10밀리그램(에날라프릴말레산염),199301689,하양,white,원형,round,L,white,round,LT,True,True,False,False,True,True,False,False,https://nedrug.mfds.go.kr/pbp/cmn/itemImageDownload/1NC9tOLKPvP
리자벤캡슐(트라닐라스트),198300096,노랑,yellow,장방형,oblong,마크RZB,green,capsule,jw RZB,False,False,False,False,False,True,False,False,https://nedrug.mfds.go.kr/pbp/cmn/itemImageDownload/1NOwp2F65jd
운코란캡슐(운지다당체)(수출명:운코마페캡슐),199401092,갈색,brown,장방형,oblong,UCRUCR,brown,capsule,UCR,True,False,False,False,True,True,False,False,https://nedrug.mfds.go.kr/pbp/cmn/itemImageDownload/147427703001400085
케피람정250밀리그램(레비티라세탐),201207538,파랑,blue,타원형,oval,LT,blue,oval,LT 250,True,True,False,False,True,True,False,False,https://nedrug.mfds.go.kr/pbp/cmn/itemImageDownload/146031504475800194
가스피란정5밀리그람(모사프리드시트르산염수화물),200700562,하양,white,장방형,oblong,Y,white,oval,Y|J,True,False,False,False,True,True,False,False,https://nedrug.mfds.go.kr/pbp/cmn/itemImageDownload/147427805977300031
트루베타정80/5/25밀리그램(텔미사르탄|암로디핀|클로르탈리돈),202503051,하양,white,타원형,oval,마크TB3,white,oval,DTBS,True,True,False,False,True,True,False,False,https://nedrug.mfds.go.kr/pbp/cmn/itemImageDownload/1PnzVsMbZwh
드로파캡슐(세파드록실수화물),200802225,빨강,red,장방형,oblong,RYDPC,red and white,capsule,RY DPC,False,False,True,False,False,True,False,False,https://nedrug.mfds.go.kr/pbp/cmn/itemImageDownload/1N3F7xAQAC0
에이엠비즈정(암로디핀베실산염),200806194,하양,white,팔각형,octagon,A,white,octagon,A5,True,True,False,False,True,True,False,False,https://nedrug.mfds.go.kr/pbp/cmn/itemImageDownload/147427907131700187
경방삼소음정(단미엑스혼합제),201706370,회색,gray,장방형,oblong,KB,white,oval,KB,False,False,True,False,True,True,True,False,https://nedrug.mfds.go.kr/pbp/cmn/itemImageDownload/150852483214400135
제감노즈캡슐,201604640,초록,green,장방형,oblong,SINIL제감노즈,green,capsule,SINIL,True,False,False,False,True,True,False,False,https://nedrug.mfds.go.kr/pbp/cmn/itemImageDownload/147290642243800184
한미아스피린장용정100밀리그램,200003092,하양,white,원형,round,ΛP,white,round,,True,True,False,False,True,True,False,False,https://nedrug.mfds.go.kr/pbp/cmn/itemImageDownload/1Pmc2gejIbM
모노로바정5밀리그램(로수바스타틴칼슘),201400112,노랑,yellow,원형,round,RS5,yellow,round,RS S,True,True,False,False,True,True,False,False,https://nedrug.mfds.go.kr/pbp/cmn/itemImageDownload/147426827284100020
피리놀정(피리도스티그민브롬화물)(수출용),198501414,하양,white,원형,round,PRL,white,round,PRL 60,True,True,False,False,True,True,False,False,https://nedrug.mfds.go.kr/pbp/cmn/itemImageDownload/1OiAjxwzD64
가스트릭서방정37.5밀리그램(록사티딘아세테이트염산염),202400970,하양,white,원형,round,마크,white,round,,True,True,False,False,True,True,False,False,https://nedrug.mfds.go.kr/pbp/cmn/itemImageDownload/1P2JYwFs7cR
텔로우정40/5밀리그램,202001850,분홍,pink,타원형,oval,UK4,beige,oval,UK4,False,True,True,False,False,True,False,False,https://nedrug.mfds.go.kr/pbp/cmn/itemImageDownload/1NOwp2F6R8y
코프쿨연질캡슐,201006515,빨강,red,장방형,oblong,코프쿨,red,oval,코프클,True,False,False,False,True,True,False,False,https://nedrug.mfds.go.kr/pbp/cmn/itemImageDownload/147426514911200163
발트크로정500밀리그램(발라시클로비르염산염)(수출용),201001547,하양,white,장방형,oblong,KL-V,white,oval,KL-V,True,False,True,False,True,True,True,False,https://nedrug.mfds.go.kr/pbp/cmn/itemImageDownload/154333333086700031
당시가정5밀리그램(다파글리플로진프로판디올수화물),202203125,주황,orange,원형,round,DX5,yellow,round,DX5,False,True,True,False,False,True,False,False,https://nedrug.mfds.go.kr/pbp/cmn/itemImageDownload/1PQ8-wS6iq4
싸이타민정,201404221,분홍,pink,기타,other,마크,pink,oblong,HD,True,False,False,False,True,False,False,False,https://nedrug.mfds.go.kr/pbp/cmn/itemImageDownload/147426922449700193
심발타캡슐30밀리그램(둘록세틴염산염),200708838,파랑,blue,장방형,oblong,954330mg,blue,capsule,9543 30 mg,True,False,True,False,True,True,True,False,https://nedrug.mfds.go.kr/pbp/cmn/itemImageDownload/151672206274500123
자렐슨정2.5밀리그램(리바록사반),202002560,노랑,yellow,원형,round,E,yellow,round,,True,True,False,False,True,True,False,False,https://nedrug.mfds.go.kr/pbp/cmn/itemImageDownload/1O7K2fSf8QN
도네린정5밀리그램(도네페질염산염일수화물),201900923,하양,white,원형,round,마크,white,round,,True,True,False,False,True,True,False,False,https://nedrug.mfds.go.kr/pbp/cmn/itemImageDownload/1N5uNEHzT5-
큐데나필정50밀리그램(실데나필시트르산염),202004638,연두,light green,삼각형,triangle,QLP,yellow,oval,QLP,False,False,True,False,False,False,False,False,https://nedrug.mfds.go.kr/pbp/cmn/itemImageDownload/1NOwp2F6N2b
도네셉트정5밀리그램(도네페질염산염수화물),201502456,하양,white,원형,round,ΛPG,white,round,,True,True,False,False,True,True,False,False,https://nedrug.mfds.go.kr/pbp/cmn/itemImageDownload/1NiR8VkRywa
넬슨벤프로페린정20밀리그램(벤프로페린인산염),199602014,검정,black,원형,round,KNP,brown,round,KNP,False,True,True,False,False,True,False,False,https://nedrug.mfds.go.kr/pbp/cmn/itemImageDownload/147427558691400028
시렌탈서방캡슐100밀리그램(실로스타졸),202001523,하양,white,장방형,oblong,D-WC100,white,capsule,D-W C10,True,False,False,False,True,True,False,False,https://nedrug.mfds.go.kr/pbp/cmn/itemImageDownload/1NDXmGS9ew6
아모잘탄큐정5/100/20밀리그램(암로디핀|로사르탄|로수바스타틴),201705686,분홍,pink,타원형,oval,AQ6,orange,oval,AQ6,False,True,True,False,False,True,False,False,https://nedrug.mfds.go.kr/pbp/cmn/itemImageDownload/152345165220400009
가바린캡슐(프레가발린),201109312,하양,white,장방형,oblong,WalC45,white,capsule,Wal C4,True,False,False,False,True,True,False,False,https://nedrug.mfds.go.kr/pbp/cmn/itemImageDownload/1Oikd3yeZOS
투게논정5/8밀리그램,201702411,분홍,pink,원형,round,TN,orange,round,TN,False,True,True,False,False,True,False,False,https://nedrug.mfds.go.kr/pbp/cmn/itemImageDownload/149875082827600073
루케마츄정4밀리그램(몬테루카스트나트륨),200908334,분홍,pink,원형,round,MT4KDC,pink,round,MT4 DC,True,True,False,False,True,True,False,False,https://nedrug.mfds.go.kr/pbp/cmn/itemImageDownload/147426461934300099
레보세티린정(레보세티리진염산염),201403253,하양,white,타원형,oval,마크,white,oval,,True,True,False,False,True,True,False,False,https://nedrug.mfds.go.kr/pbp/cmn/itemImageDownload/1P2JYwFsCAW
리페넥스정2밀리그램(리스페리돈),201908408,분홍,pink,타원형,oval,RIX,orange,oval,RIX 2,False,True,False,False,False,True,False,False,https://nedrug.mfds.go.kr/pbp/cmn/itemImageDownload/1Niwca6NN_Y
뉴렉산정(메토카르바몰),200402131,파랑,blue,장방형,oblong,마크,blue,oval,,True,False,False,False,True,True,False,False,https://nedrug.mfds.go.kr/pbp/cmn/itemImageDownload/149723220784500115
나누비아정50밀리그램(시타글립틴염산염수화물),202101256,분홍,pink,원형,round,NV,orange,oval,NV,False,False,True,False,False,True,False,False,https://nedrug.mfds.go.kr/pbp/cmn/itemImageDownload/1PEPKBUch5v
케이바로정4밀리그램(피타바스타틴칼슘수화물),202103313,주황,orange,원형,round,KK4,yellow,round,KK4,False,True,True,False,False,True,False,False,https://nedrug.mfds.go.kr/pbp/cmn/itemImageDownload/1NbgIvS1r2U
트레스비정,198801117,갈색,brown,타원형,oval,마크,red,oval,,False,True,False,False,False,True,False,False,https://nedrug.mfds.go.kr/pbp/cmn/itemImageDownload/1Pc8NyfFGv0
윈토넬플러스정,201606792,주황,orange,타원형,oval,W,yellow,oval,N M,False,True,False,False,False,True,False,False,https://nedrug.mfds.go.kr/pbp/cmn/itemImageDownload/148604288603600024
록시스로정(록시트로마이신),200404698,하양,white,원형,round,KKMROX,white,round,KIMROX,True,True,False,False,True,True,False,False,https://nedrug.mfds.go.kr/pbp/cmn/itemImageDownload/1N_xmK9Ifan
제이케이(JK)구강용해필름10밀리그램(타다라필),202204395,분홍,pink,사각형,rectangle,,orange,rectangle,,False,True,True,False,False,True,False,False,https://nedrug.mfds.go.kr/pbp/cmn/itemImageDownload/1ONuiLy3D4F
알포엔정(콜린알포세레이트),201403884,주황,orange,타원형,oval,MKCA,yellow,oval,MKCA,False,True,True,False,False,True,False,False,https://nedrug.mfds.go.kr/pbp/cmn/itemImageDownload/1O597tTUcRS
이로스타정5밀리그램(로수바스타틴칼슘),201908080,주황,orange,원형,round,ry,yellow,round,ry,False,True,True,False,False,True,False,False,https://nedrug.mfds.go.kr/pbp/cmn/itemImageDownload/1OaGlNUXI39
올메세틸엠플러스정20/12.5밀리그램,201100981,주황,orange,원형,round,OH+JI,white,round,OH+,False,True,False,False,False,True,False,False,https://nedrug.mfds.go.kr/pbp/cmn/itemImageDownload/1PW_-aIS9qF
에카민씨정,200503637,주황,orange,타원형,oval,KKM,orange,oval,KKM ML,True,True,False,False,True,True,False,False,https://nedrug.mfds.go.kr/pbp/cmn/itemImageDownload/1O597tTU9bs
리포덱스캅셀(리팜피신)(수출명:종근당리팜피신캅셀150mg),197300021,검정,black,장방형,oblong,마크CKD마크CKD,black and orange,capsule,CKD CKD,False,False,False,False,False,True,False,False,https://nedrug.mfds.go.kr/pbp/cmn/itemImageDownload/147427718028200020
메가플나졸캡슐(플루코나졸),201208625,초록,green,장방형,oblong,LNC3,green,capsule,LNC 3,True,False,True,False,True,True,True,False,https://nedrug.mfds.go.kr/pbp/cmn/itemImageDownload/1Nx4BuwxtGt
라베프린정20밀리그램(라베프라졸나트륨),201206683,노랑,yellow,원형,round,마크20,yellow,round,KP 20,True,True,False,False,True,True,False,False,https://nedrug.mfds.go.kr/pbp/cmn/itemImageDownload/146032657371100071
뉴딜렌정25밀리그램(카르베딜롤),201805114,하양,white,원형,round,D,white,round,D M,True,True,False,False,True,True,False,False,https://nedrug.mfds.go.kr/pbp/cmn/itemImageDownload/1NrNGP9yaC5
덴탑스캡슐,200501020,노랑,yellow,장방형,oblong,AGDEC,yellow,oval,AG DEC,True,False,True,False,True,True,True,False,https://nedrug.mfds.go.kr/pbp/cmn/itemImageDownload/147428316988100131
로피맥스피디정8밀리그램(로피니롤염산염),201901417,빨강,red,타원형,oval,KDC,brown,oval,KDC,False,True,True,False,False,True,False,False,https://nedrug.mfds.go.kr/pbp/cmn/itemImageDownload/1MfSEl6hMOs
브로필린캡슐(아세브로필린),200403317,회색,gray,장방형,oblong,마크BPL,white,capsule,Hw BPL,False,False,False,False,True,True,False,False,https://nedrug.mfds.go.kr/pbp/cmn/itemImageDownload/1Mxwka5v2OX
지텐션정5밀리그램(에스암로디핀베실산염이수화물),201402348,하양,white,팔각형,octagon,ZT,white,octagon,ZT/5,True,True,False,False,True,True,False,False,https://nedrug.mfds.go.kr/pbp/cmn/itemImageDownload/147426862364000167
모사포트정(모사프리드시트르산염수화물),201507474,하양,white,장방형,oblong,IK,white,oval,IK,True,False,True,False,True,True,True,False,https://nedrug.mfds.go.kr/pbp/cmn/itemImageDownload/147427135487800002
타이록신캡슐(세프록사딘수화물),199201469,초록,green,장방형,oblong,TIROXINSAMJIN,green,oval,TIROXIN SAMJIN,True,False,True,False,True,True,True,False,https://nedrug.mfds.go.kr/pbp/cmn/itemImageDownload/151317992996500136
모스캄캡슐(멜록시캄),201804310,연두,light green,장방형,oblong,ΛUK25,green,oval,AUK 25,False,False,False,False,True,True,False,False,https://nedrug.mfds.go.kr/pbp/cmn/itemImageDownload/1OFm45_SsNE
옥타론에이취알정600밀리그램(티옥트산),200501597,연두,light green,장방형,oblong,HR,green,oval,HR,False,False,True,False,True,True,True,False,https://nedrug.mfds.go.kr/pbp/cmn/itemImageDownload/1OXBXjHRXmH
젯트콤연질캡슐,201507405,갈색,brown,장방형,oblong,ETXM4,brown,oval,ETX M4,True,False,True,False,True,True,True,False,https://nedrug.mfds.go.kr/pbp/cmn/itemImageDownload/147427128653500138
오메프란캡슐20밀리그램(오메프라졸),201906572,빨강,red,장방형,oblong,nTOMP,orange,capsule,nT OMP,False,False,True,False,False,True,False,False,https://nedrug.mfds.go.kr/pbp/cmn/itemImageDownload/1Pc8bb3CaqA
자누그린정25밀리그램(시타글립틴염산염수화물),202005910,분홍,pink,원형,round,JG,orange,round,JG,False,True,True,False,False,True,False,False,https://nedrug.mfds.go.kr/pbp/cmn/itemImageDownload/1OfqkDGYV7B
위모틴정(모사프리드시트르산염수화물),200702135,하양,white,장방형,oblong,WM,white,oval,LM,True,False,False,False,True,True,False,False,https://nedrug.mfds.go.kr/pbp/cmn/itemImageDownload/1N9VjldatWX
비스베린캡슐,200000017,갈색,brown,장방형,oblong,SPBISBERINE,orange,oval,SP BISBERINE,False,False,True,False,False,True,False,False,https://nedrug.mfds.go.kr/pbp/cmn/itemImageDownload/151335258227300030
테나시드캡슐(테프레논),199700038,초록,green,장방형,oblong,SPTENACID,green,capsule,SP TENACID,True,False,True,False,True,True,True,False,https://nedrug.mfds.go.kr/pbp/cmn/itemImageDownload/147427284454400127
휴시가듀오서방정10/1000밀리그램(다파글리플로진|메트포르민),202300360,주황,orange,타원형,oval,마크,yellow,oval,,False,True,False,False,False,True,False,False,https://nedrug.mfds.go.kr/pbp/cmn/itemImageDownload/1OOrhdcAHgL
오로살탄정5/160밀리그램,201308526,주황,orange,타원형,oval,ORTH,yellow,oval,ORTH,False,True,True,False,False,True,False,False,https://nedrug.mfds.go.kr/pbp/cmn/itemImageDownload/1OnUY_VtDGr
오넵트정5mg(도네페질염산염수화물),201604053,노랑,yellow,원형,round,OΛ,yellow,round,,True,True,False,False,True,True,False,False,https://nedrug.mfds.go.kr/pbp/cmn/itemImageDownload/1NOwp2F6IVl
리세트론플러스정,201605346,주황,orange,타원형,oval,D-W,yellow,oval,D-W,False,True,True,False,False,True,False,False,https://nedrug.mfds.go.kr/pbp/cmn/itemImageDownload/147759729217900004
레비라정750밀리그램(레비티라세탐),201309442,분홍,pink,타원형,oval,LV750,orange,oval,LV750,False,True,True,False,False,True,False,False,https://nedrug.mfds.go.kr/pbp/cmn/itemImageDownload/147426786721100032
피나시딜정5밀리그램(피나스테리드),201701551,파랑,blue,원형,round,마크F5,blue,round,F5,True,True,False,False,True,True,False,False,https://nedrug.mfds.go.kr/pbp/cmn/itemImageDownload/1Mp3yEn24fU
프레가바캡슐25밀리그램(프레가발린),202003631,노랑,yellow,장방형,oblong,cbrg25,white,oblong,cb rg25,False,True,True,False,False,True,False,False,https://nedrug.mfds.go.kr/pbp/cmn/itemImageDownload/1OANLAkAEY6
사라인정(호박산독시라민),198900876,파랑,blue,원형,round,BPH,green,round,BPH,False,True,True,False,False,True,False,False,https://nedrug.mfds.go.kr/pbp/cmn/itemImageDownload/148777376755700140
엑시글루에스정,202202855,분홍,pink,원형,round,EGS1010,orange,round,EGS 1010,False,True,True,False,False,True,False,False,https://nedrug.mfds.go.kr/pbp/cmn/itemImageDownload/1PT2fGfm53Y
졸피원정10밀리그램(졸피뎀타르타르산염),202402908,하양,white,장방형,oblong,ZPD,white,oval,ZPD,True,False,True,False,True,True,True,False,https://nedrug.mfds.go.kr/pbp/cmn/itemImageDownload/1PKblG1bdwR
유토펜정,200805752,주황,orange,장방형,oblong,INOU/T,yellow,oval,INO U/T,False,False,True,False,False,True,False,False,https://nedrug.mfds.go.kr/pbp/cmn/itemImageDownload/1Of5opuN4xW
프라네어캡슐(프란루카스트수화물),200502022,파랑,blue,장방형,oblong,SKPN112.5,green,capsule,SK PN 112.5,False,False,True,False,False,True,False,False,https://nedrug.mfds.go.kr/pbp/cmn/itemImageDownload/151672211034800142
녹더나설하정25마이크로그램(데스모프레신아세트산염),201707570,하양,white,원형,round,마크,white,round,25,True,True,False,False,True,True,False,False,https://nedrug.mfds.go.kr/pbp/cmn/itemImageDownload/151248841983500108
토파민정25밀리그람(토피라메이트),200604323,하양,white,원형,round,M,white,round,MM,True,True,False,False,True,True,False,False,https://nedrug.mfds.go.kr/pbp/cmn/itemImageDownload/151853651029700088
힐올연질캡슐,200403674,갈색,brown,장방형,oblong,RPHIA,brown,oval,RPHIA,True,False,True,False,True,True,True,False,https://nedrug.mfds.go.kr/pbp/cmn/itemImageDownload/147427863758000161
라시딘정150mg(라니티딘염산염),201400868,하양,white,원형,round,150,white,oval,150,True,False,True,False,True,True,True,False,https://nedrug.mfds.go.kr/pbp/cmn/itemImageDownload/1P2JYwFs9Tk
클래팍신정250mg(클래리트로마이신),201403058,연두,light green,타원형,oval,IYC250,yellow,oval,1YC 250,False,True,False,False,False,True,False,False,https://nedrug.mfds.go.kr/pbp/cmn/itemImageDownload/1N4C9E6nccp
바이타민트윈샷정,202202535,주황,orange,장방형,oblong,BV2,yellow,oval,BV2,False,False,True,False,False,True,False,False,https://nedrug.mfds.go.kr/pbp/cmn/itemImageDownload/1PgA5yKC2At
린파자정150밀리그램(올라파립),201907536,갈색,brown,타원형,oval,OP150,green,oval,OP 150,False,True,True,False,False,True,False,False,https://nedrug.mfds.go.kr/pbp/cmn/itemImageDownload/1MyJO_nSzdp
엠플로정25밀리그램(엠파글리플로진),202102078,노랑,yellow,타원형,oval,마크,white,oval,,False,True,False,False,False,True,False,False,https://nedrug.mfds.go.kr/pbp/cmn/itemImageDownload/1PZk3LAgGmp
뮤테란캡슐100밀리그램(아세틸시스테인),198801531,초록,green,장방형,oblong,HanwhaMUC100,green,capsule,Hanwha MUC1,True,False,False,False,True,True,False,False,https://nedrug.mfds.go.kr/pbp/cmn/itemImageDownload/1M_4NHfUrnp
리포덱스정300밀리그람(리팜피신),198000054,분홍,pink,타원형,oval,300,orange,oval,300,False,True,True,False,False,True,False,False,https://nedrug.mfds.go.kr/pbp/cmn/itemImageDownload/1PEPKBUcbqe
나인나인정,201602427,갈색,brown,타원형,oval,99,orange,oval,99,False,True,True,False,False,True,False,False,https://nedrug.mfds.go.kr/pbp/cmn/itemImageDownload/147427232964000141
가스탄정(모사프리드시트르산염수화물),200702171,하양,white,장방형,oblong,Y,white,oval,,True,False,False,False,True,True,False,False,https://nedrug.mfds.go.kr/pbp/cmn/itemImageDownload/147427805977300042
크리콕스캡슐100밀리그램(세레콕시브),201504160,하양,white,장방형,oblong,SAMJIN100,white,oval,SAMJIN 100,True,False,True,False,True,True,True,False,https://nedrug.mfds.go.kr/pbp/cmn/itemImageDownload/148604293243500043
레니코정1밀리그램(바레니클린베실산염일수화물),201803986,파랑,blue,장방형,oblong,KD,blue,oval,KD,True,False,True,False,True,True,True,False,https://nedrug.mfds.go.kr/pbp/cmn/itemImageDownload/154056842685300012
로바펜정(록소프로펜나트륨),199801240,분홍,pink,원형,round,IYP,white,round,IYP,False,True,True,False,False,True,False,False,https://nedrug.mfds.go.kr/pbp/cmn/itemImageDownload/1OrgEjHwC7C
헤파텍스캡슐,201501885,하양,white,장방형,oblong,YPHPT,white,oval,YP HPT,True,False,True,False,True,True,True,False,https://nedrug.mfds.go.kr/pbp/cmn/itemImageDownload/147427037258800080
아리트정23밀리그램(도네페질염산염수화물),202008358,분홍,pink,원형,round,ΛRT,orange,round,RT,False,True,False,False,False,True,False,False,https://nedrug.mfds.go.kr/pbp/cmn/itemImageDownload/1NVa1O6Yk-S
네오다파정10밀리그램(다파글리플로진프로판디올수화물),202202299,주황,orange,마름모형,diamond,GCD1,yellow,oblong,GCD1,False,False,True,False,False,False,False,False,https://nedrug.mfds.go.kr/pbp/cmn/itemImageDownload/1OR9x9vZQvx
위렌정(애엽95%에탄올연조엑스(20→1)),201503286,연두,light green,타원형,oval,IY,green,oval,IY,False,True,True,False,True,True,True,False,https://nedrug.mfds.go.kr/pbp/cmn/itemImageDownload/1OURtchsSHM
누보로젯정40/5/5/10밀리그램,202203011,연두,light green,타원형,oval,NVRZ3CKD,yellow,oval,NVRZ3 CKD,False,True,True,False,False,True,False,False,https://nedrug.mfds.go.kr/pbp/cmn/itemImageDownload/1OLJPBoFOZA
딜라트렌에스알캡슐8밀리그램(카르베딜롤),201206934,분홍,pink,장방형,oblong,Dila8mgSR,pink,capsule,Dila SR 8mg,True,False,False,False,True,True,False,False,https://nedrug.mfds.go.kr/pbp/cmn/itemImageDownload/150245308847100176
한신황련해독탕정(단미엑스혼합제),201604767,갈색,brown,장방형,oblong,HYH,yellow,oval,FHYH,False,False,False,False,False,True,False,False,https://nedrug.mfds.go.kr/pbp/cmn/itemImageDownload/147834963070700023
렌비마캡슐4밀리그램(렌바티닙메실산염),201507059,주황,orange,장방형,oblong,마크LENV4mg,orange,oval,LENV 4 mg,True,False,False,False,True,True,False,False,https://nedrug.mfds.go.kr/pbp/cmn/itemImageDownload/147427122590700191
펜홀드정(펜디메트라진타르타르산염),200604167,하양,white,원형,round,B,white,round,13P,True,True,False,False,True,True,False,False,https://nedrug.mfds.go.kr/pbp/cmn/itemImageDownload/1NSgQ0pOItT
위더스아테놀올정50mg,199802611,하양,white,원형,round,마크,white,round,,True,True,False,False,True,True,False,False,https://nedrug.mfds.go.kr/pbp/cmn/itemImageDownload/1OgTUuGDjwa
로니셀정(은교산),201804359,갈색,brown,장방형,oblong,KB,orange,oval,KB,False,False,True,False,False,True,False,False,https://nedrug.mfds.go.kr/pbp/cmn/itemImageDownload/1PT2fGfm4yW
루카스정10mg(몬테루카스트나트륨),201307109,분홍,pink,사각형,rectangle,CV,orange,rectangle,CV,False,True,True,False,False,True,False,False,https://nedrug.mfds.go.kr/pbp/cmn/itemImageDownload/1NwRO1CfaKT
나츄라트코와정,201209011,하양,white,원형,round,NTK,green,round,NTK,False,True,True,False,False,True,False,False,https://nedrug.mfds.go.kr/pbp/cmn/itemImageDownload/146032665692400025
티오시드에이취알정600밀리그램(티옥트산),200502600,연두,light green,장방형,oblong,HS,green,oval,HS,False,False,True,False,True,True,True,False,https://nedrug.mfds.go.kr/pbp/cmn/itemImageDownload/1NS5ZX4TpaV
글리딘정2밀리그램(글리메피리드),201310893,초록,green,기타,other,마크,green,oval,ck GM,True,False,False,False,True,False,False,False,https://nedrug.mfds.go.kr/pbp/cmn/itemImageDownload/147426820767200016
세파클리캡슐(세파클러수화물),201702733,파랑,blue,장방형,oblong,CET250,blue,capsule,CET 250,True,False,True,False,True,True,True,False,https://nedrug.mfds.go.kr/pbp/cmn/itemImageDownload/1NqFP7I3D3g
트리마셋세미정,200705587,노랑,yellow,장방형,oblong,마크,yellow,oval,,True,False,False,False,True,True,False,False,https://nedrug.mfds.go.kr/pbp/cmn/itemImageDownload/147427897731800089
올루미언트정4밀리그램(바리시티닙),201708281,분홍,pink,원형,round,4,orange,round,,False,True,False,False,False,True,False,False,https://nedrug.mfds.go.kr/pbp/cmn/itemImageDownload/152613961341600074
정우사칠탕엑스정,200100480,회색,gray,삼각형,triangle,JW2,yellow,triangle,JW 2,False,True,True,False,False,True,False,False,https://nedrug.mfds.go.kr/pbp/cmn/itemImageDownload/147427785474000003
칼리본연질캡슐(칼시트리올)(수출용),199702174,하양,white,타원형,oval,CL,yellow,oval,CL,False,True,True,False,False,True,False,False,https://nedrug.mfds.go.kr/pbp/cmn/itemImageDownload/1OfoK-mSlNa
류마이드정10밀리그램(레플루노미드),200810760,하양,white,원형,round,RM1,white,round,RMU,True,True,False,False,True,True,False,False,https://nedrug.mfds.go.kr/pbp/cmn/itemImageDownload/147427950681500081
코디핀정8밀리그램(베니디핀염산염),199300960,노랑,yellow,원형,round,CN8,yellow,round,ON,True,True,False,False,True,True,False,False,https://nedrug.mfds.go.kr/pbp/cmn/itemImageDownload/147427431620400028
제피러스흡입용캡슐300/25마이크로그램,201902957,투명,transparent,장방형,oblong,B240S20,white,capsule,,False,False,False,False,False,True,False,False,https://nedrug.mfds.go.kr/pbp/cmn/itemImageDownload/1Pc8bb3CZsF
디아패시드정600mg(티옥트산),200604244,연두,light green,장방형,oblong,SCD600,green,oval,SCD 600,False,False,True,False,True,True,True,False,https://nedrug.mfds.go.kr/pbp/cmn/itemImageDownload/1NYyLUFhdLi
쉬버스탑연질캡슐,200403732,갈색,brown,장방형,oblong,KbSSC,orange,oval,Kb SSC,False,False,True,False,False,True,False,False,https://nedrug.mfds.go.kr/pbp/cmn/itemImageDownload/1Pc8NyfFH3i
제일맥스티딘플러스정(라니티딘염산염),201310822,분홍,pink,원형,round,JI,pink,round,J,True,True,False,False,True,True,False,False,https://nedrug.mfds.go.kr/pbp/cmn/itemImageDownload/147426812405600182
자누글립틴메트정50/1000밀리그램,202200905,분홍,pink,장방형,oblong,JU10,orange,oval,JU 10,False,False,True,False,False,True,False,False,https://nedrug.mfds.go.kr/pbp/cmn/itemImageDownload/1OqoN-3zWxa
케이발린캡슐150밀리그램(프레가발린),201109254,하양,white,장방형,oblong,KBPPGN150,white,capsule,KBPPGN150,True,False,True,False,True,True,True,False,https://nedrug.mfds.go.kr/pbp/cmn/itemImageDownload/150350284927300061
시타메트엑스알서방정50/1000밀리그램(시타글립틴|메트포르민),201505032,연두,light green,타원형,oval,SM2,green,oval,SM2,False,True,True,False,True,True,True,False,https://nedrug.mfds.go.kr/pbp/cmn/itemImageDownload/1OeimlOsRSU
로수바신정20mg(로수바스타틴칼슘),201904448,분홍,pink,원형,round,마크,orange,round,,False,True,False,False,False,True,False,False,https://nedrug.mfds.go.kr/pbp/cmn/itemImageDownload/1Mu36oGwMPZ
티에스원캡슐20|25,200300393,주황,orange,장방형,oblong,TC443TC443,orange,capsule,TC443,True,False,False,False,True,True,False,False,https://nedrug.mfds.go.kr/pbp/cmn/itemImageDownload/151317976910600046
시네크캡슐,200810292,분홍,pink,장방형,oblong,SINECCHSINECCH0202,orange,capsule,SINECCH 02 SINECC 02,False,False,False,False,False,True,False,False,https://nedrug.mfds.go.kr/pbp/cmn/itemImageDownload/1PVxwhCKtTm
프록스코정(시프로플록사신염산염),199701894,하양,white,원형,round,마크,white,round,,True,True,False,False,True,True,False,False,https://nedrug.mfds.go.kr/pbp/cmn/itemImageDownload/154298766464600017
나리돌플러스캡슐(수출용),200612146,주황,orange,장방형,oblong,BPHBPH,orange,capsule,BPH BPH,True,False,True,False,True,True,True,False,https://nedrug.mfds.go.kr/pbp/cmn/itemImageDownload/147428268052300125
마그메타연질캡슐,202108167,갈색,brown,타원형,oval,META,black,oval,META,False,True,True,False,False,True,False,False,https://nedrug.mfds.go.kr/pbp/cmn/itemImageDownload/1O0bxj5FjnJ
본엔디연질캡슐,201007524,갈색,brown,타원형,oval,IY본엔디,black,oval,IY 본엔디,False,True,True,False,False,True,False,False,https://nedrug.mfds.go.kr/pbp/cmn/itemImageDownload/1P2JYwFs9e_
레피졸정1밀리그램(아리피프라졸),202203420,하양,white,타원형,oval,A-1,white,oblong,A-1,True,False,True,False,True,True,True,False,https://nedrug.mfds.go.kr/pbp/cmn/itemImageDownload/1PbU672IZdA
프랄린캡슐75밀리그램(프레가발린),201205825,갈색,brown,장방형,oblong,IHPPRL75,red,oblong,IHP PRL75,False,True,True,False,False,True,False,False,https://nedrug.mfds.go.kr/pbp/cmn/itemImageDownload/148838281169200055
현대프레가발린정150밀리그램,201800512,하양,white,원형,round,HDPPGNT150,white,round,HCP PGNT 150,True,True,False,False,True,True,False,False,https://nedrug.mfds.go.kr/pbp/cmn/itemImageDownload/154298769573300110
명인톨밥탄정15밀리그램,202004774,파랑,blue,원형,round,TVT,blue,round,TVT 15,True,True,False,False,True,True,False,False,https://nedrug.mfds.go.kr/pbp/cmn/itemImageDownload/1OFClXzKbfT
디카듀오정100/1000,202005599,연두,light green,타원형,oval,DWB,green,oval,DWB,False,True,True,False,True,True,True,False,https://nedrug.mfds.go.kr/pbp/cmn/itemImageDownload/1Pn9qM67oDW
글리팜정(글리메피리드),200300284,청록,teal,기타,other,ID,green,oblong,ID ID,False,False,False,False,False,False,False,False,https://nedrug.mfds.go.kr/pbp/cmn/itemImageDownload/1Oi0vWfEyf-
엘지리바비린캡슐100밀리그램,199803146,파랑,blue,장방형,oblong,LGR100,blue,capsule,LG R100,True,False,True,False,True,True,True,False,https://nedrug.mfds.go.kr/pbp/cmn/itemImageDownload/148604288603600159
크레스토정20밀리그램(로수바스타틴칼슘),200410326,분홍,pink,원형,round,ZD452220,pink,round,ZDA522 20,True,True,False,False,True,True,False,False,https://nedrug.mfds.go.kr/pbp/cmn/itemImageDownload/151317963768200047
리바마인캡슐1.5밀리그램(리바스티그민타르타르산염),201900687,노랑,yellow,장방형,oblong,MK1.5mg,orange,capsule,MK 1.5mg,False,False,True,False,False,True,False,False,https://nedrug.mfds.go.kr/pbp/cmn/itemImageDownload/1N_tI6JB9lJ
센코딜에스정,201508370,연두,light green,원형,round,KDS,green,round,KDS,False,True,True,False,True,True,True,False,https://nedrug.mfds.go.kr/pbp/cmn/itemImageDownload/1PjGDC-Ssly
로얄라민연질캡슐,200200628,갈색,brown,장방형,oblong,D-WRYL,brown,oval,D-W RYL,True,False,True,False,True,True,True,False,https://nedrug.mfds.go.kr/pbp/cmn/itemImageDownload/152035082651700074
토마스연질캡슐,200904590,갈색,brown,장방형,oblong,TOMAS,brown,oval,TOMAS,True,False,True,False,True,True,True,False,https://nedrug.mfds.go.kr/pbp/cmn/itemImageDownload/147426429003700186
시타졸서방캡슐100mg(실로스타졸),201903648,하양,white,장방형,oblong,DPCC100,white,capsule,DPC C10,True,False,False,False,True,True,False,False,https://nedrug.mfds.go.kr/pbp/cmn/itemImageDownload/1MnHPqjXzDS
마이티신캡슐(은교산),200302697,빨강,red,장방형,oblong,INSC05,red and yellow,capsule,INS CO5,False,False,False,False,False,True,False,False,https://nedrug.mfds.go.kr/pbp/cmn/itemImageDownload/147428307461400059
시큐엘정(센텔라정량추출물),201702495,연두,light green,원형,round,YJ,green,round,Y.J,False,True,False,False,True,True,False,False,https://nedrug.mfds.go.kr/pbp/cmn/itemImageDownload/150350289214600023
알베린스연질캡슐,200402561,초록,green,타원형,oval,마크AVR,green,oval,MAVR,True,True,False,False,True,True,False,False,https://nedrug.mfds.go.kr/pbp/cmn/itemImageDownload/147809054104100008
알피티딘정20밀리그램(파모티딘),202001046,연두,light green,원형,round,RPT,green,round,RPT,False,True,True,False,True,True,True,False,https://nedrug.mfds.go.kr/pbp/cmn/itemImageDownload/1N9r98JmPW6
도파질정5밀리그램(도네페질염산염수화물),201908006,하양,white,원형,round,ΛJD,white,round,AJD,True,True,False,False,True,True,False,False,https://nedrug.mfds.go.kr/pbp/cmn/itemImageDownload/1N-vZRnypgK
심바스틴정40밀리그램(심바스타틴),200300032,분홍,pink,타원형,oval,S,orange,oval,SIP,False,True,False,False,False,True,False,False,https://nedrug.mfds.go.kr/pbp/cmn/itemImageDownload/1Pc8NyfFFj1
가스프리드정(모사프리드시트르산염수화물),200700849,하양,white,장방형,oblong,TM,white,oval,TM,True,False,True,False,True,True,True,False,https://nedrug.mfds.go.kr/pbp/cmn/itemImageDownload/1NCzXnoXFAS
메가콘티800정,202400751,주황,orange,타원형,oval,MGC,yellow,oval,MGC,False,True,True,False,False,True,False,False,https://nedrug.mfds.go.kr/pbp/cmn/itemImageDownload/1P2JYwFs7BR
